{
  "$schema": "https://aka.ms/vs/vsdbg-config-schema",
  "languages": [
    {
      "languageId": "{00000000-0000-0000-0000-000000000000}",
      "vendorId": "{00000000-0000-0000-0000-000000000000}",
      "name": "Unknown"
    },
    {
      "languageId": "{3a12d0b7-c26c-11d0-b442-00a0244a1dd2}",
      "vendorId": "{994b45c4-e6e9-11d2-903f-00c04fa302a1}",
      "name": "C++"
    },
    {
      "languageId": "{63a08714-fc37-11d2-904c-00c04fa302a1}",
      "vendorId": "{994b45c4-e6e9-11d2-903f-00c04fa302a1}",
      "name": "C"
    },
    {
      "languageId": "{3f5162f8-07c6-11d3-9053-00c04fa302a1}",
      "vendorId": "{994b45c4-e6e9-11d2-903f-00c04fa302a1}",
      "name": "C#"
    },
    {
      "languageId": "{3a12d0b8-c26c-11d0-b442-00a0244a1dd2}",
      "vendorId": "{994b45c4-e6e9-11d2-903f-00c04fa302a1}",
      "name": "VB"
    }
  ]
}